id,mood,timestamp,relative_position,device_type,subject
1,excited,15/07/2019 11:25,0.5,AP,1
301,calm,03/10/2019 22:22,0.0136532,CL,23
302,calm,04/10/2019 06:19,0.475886,CL,23
303,relaxed,04/10/2019 09:31,0.00401925,CL,23
304,happy,04/10/2019 14:36,0.292445,CL,23
305,relaxed,04/10/2019 15:39,0.858821,CL,23
306,relaxed,04/10/2019 18:04,0.0820662,CL,23
307,calm,04/10/2019 23:46,0.479299,CL,23
9,happy,21/07/2019 08:35,0.519404,CL,1
10,excited,21/07/2019 08:37,0.468162,CL,1
12,bored,21/07/2019 08:45,0.0227594,CL,1
13,bored,21/07/2019 08:47,0.0182721,CL,1
308,relaxed,05/10/2019 07:43,0.404015,CL,23
16,happy,21/07/2019 09:09,0.461484,CL,1
17,happy,22/07/2019 08:46,0.464819,CL,1
18,calm,23/07/2019 09:04,0.613916,CL,1
19,nervous,08/08/2019 05:33,0.567872,CL,1
20,nervous,08/08/2019 05:50,0.560901,CL,1
21,excited,08/08/2019 05:51,0.454968,CL,1
22,excited,08/08/2019 06:03,0.471866,CL,1
23,excited,08/08/2019 08:27,0.473487,CL,1
24,sad,08/08/2019 09:29,0.602079,CL,1
25,nervous,08/08/2019 09:31,0.592873,CL,1
26,annoyed,08/08/2019 09:38,0.66328,CL,1
27,annoyed,08/08/2019 09:39,0.660155,CL,1
28,relaxed,08/08/2019 09:44,0.555477,CL,1
29,relaxed,08/08/2019 09:49,0.55482,CL,1
30,relaxed,08/08/2019 09:50,0.55482,CL,1
31,happy,08/08/2019 09:56,0.404817,CL,1
32,happy,08/08/2019 09:57,0.396065,CL,1
33,excited,08/08/2019 10:06,0.444319,CL,1
34,excited,08/08/2019 10:10,0.440847,CL,1
35,nervous,08/08/2019 10:10,0.541429,CL,1
36,nervous,08/08/2019 10:11,0.541429,CL,1
37,nervous,12/08/2019 17:55,0.552247,CL,1
38,excited,12/08/2019 17:55,0.488533,CL,1
39,happy,12/08/2019 19:38,0.533153,CL,1
40,happy,12/08/2019 19:38,0.530654,CL,1
41,relaxed,12/08/2019 19:38,0.480147,CL,1
42,relaxed,12/08/2019 19:44,0.479818,CL,1
43,relaxed,12/08/2019 20:40,0.688377,CL,1
44,calm,12/08/2019 20:45,0.607963,CL,1
45,happy,14/08/2019 13:14,0.5,AP,1
46,excited,16/09/2019 09:48,0.5,CL,1
47,nervous,16/08/2019 13:10,0.5,CL,1
48,happy,16/08/2019 13:10,0.5,CL,1
49,nervous,16/08/2019 14:02,0.5,CL,2
50,nervous,16/08/2019 14:04,0.5,CL,2
51,annoyed,16/08/2019 14:06,0.5,CL,2
52,bored,16/08/2019 14:07,0.5,CL,2
53,happy,16/08/2019 14:12,0.5,CL,2
54,excited,16/08/2019 14:13,0.5,CL,2
55,happy,16/08/2019 16:17,0.5,CL,2
56,nervous,16/08/2019 17:35,0.5,CL,2
57,happy,16/08/2019 20:06,0.5,CL,2
58,happy,16/08/2019 20:10,0.5,CL,2
59,nervous,18/08/2019 09:24,0.5,CL,2
60,relaxed,19/08/2019 17:10,0.5,CL,2
61,happy,23/08/2019 17:02,0.5,CL,1
62,happy,23/08/2019 17:03,0.5,CL,1
63,sad,23/08/2019 17:06,0.5,CL,1
64,happy,23/08/2019 17:06,0.5,CL,1
65,excited,29/08/2019 07:51,0.5,CL,6
66,happy,29/08/2019 07:52,0.5,CL,6
67,annoyed,29/08/2019 07:52,0.5,CL,6
68,annoyed,29/08/2019 07:53,0.5,CL,6
69,relaxed,29/08/2019 10:21,0.5,CL,6
70,happy,30/08/2019 07:10,0.5,CL,6
71,excited,30/08/2019 09:14,0.5,CL,6
72,happy,30/08/2019 09:19,0.5,CL,6
73,excited,30/08/2019 11:08,0.5,CL,6
74,happy,30/08/2019 11:13,0.5,CL,6
75,excited,30/08/2019 13:23,0.5,CL,6
76,nervous,30/08/2019 16:45,0.5,CL,6
309,calm,05/10/2019 10:14,0.481861,CL,23
310,relaxed,05/10/2019 15:30,0.065998,CL,23
311,calm,05/10/2019 19:54,0.439606,CL,23
312,calm,06/10/2019 00:09,0.443448,CL,23
313,calm,06/10/2019 04:02,0.440889,CL,23
314,calm,06/10/2019 05:56,0.440462,CL,23
316,calm,06/10/2019 07:55,0.443875,CL,23
317,calm,06/10/2019 08:27,0.445154,CL,23
319,happy,06/10/2019 11:18,0.832697,CL,23
320,annoyed,06/10/2019 13:17,0.918992,CL,23
321,calm,06/10/2019 13:33,0.476313,CL,23
322,happy,06/10/2019 19:25,0.879751,CL,23
96,relaxed,21/09/2019 12:52,0.5,CL,6
97,happy,21/09/2019 13:28,0.5,CL,6
98,relaxed,21/09/2019 13:33,0.5,CL,6
99,happy,21/09/2019 13:44,0.5,CL,6
100,relaxed,21/09/2019 13:49,0.5,CL,6
101,happy,21/09/2019 14:10,0.5,CL,6
102,relaxed,21/09/2019 14:15,0.5,CL,6
103,happy,21/09/2019 14:35,0.5,CL,6
104,relaxed,21/09/2019 14:41,0.5,CL,6
105,happy,21/09/2019 14:46,0.5,CL,6
106,relaxed,21/09/2019 14:51,0.5,CL,6
107,happy,21/09/2019 14:56,0.5,CL,6
108,relaxed,21/09/2019 15:07,0.5,CL,6
109,happy,21/09/2019 15:32,0.5,CL,6
110,relaxed,21/09/2019 15:38,0.5,CL,6
111,happy,21/09/2019 15:58,0.5,CL,6
112,relaxed,21/09/2019 16:04,0.5,CL,6
113,happy,21/09/2019 16:09,0.5,CL,6
114,relaxed,21/09/2019 16:14,0.5,CL,6
315,calm,06/10/2019 06:22,0.441315,CL,23
318,relaxed,06/10/2019 08:47,0.621805,CL,23
323,calm,06/10/2019 22:16,0.60222,CL,23
325,calm,06/10/2019 22:32,0.601367,CL,23
336,calm,07/10/2019 03:59,0.597954,CL,23
338,calm,07/10/2019 04:20,0.597098,CL,23
341,calm,07/10/2019 06:04,0.596671,CL,23
343,relaxed,07/10/2019 06:20,0.798849,CL,23
124,annoyed,25/09/2019 13:42,0.0552754,CL,23
125,calm,25/09/2019 13:47,0.208843,CL,23
126,annoyed,25/09/2019 16:13,0.591056,CL,23
127,calm,25/09/2019 16:44,0.340098,CL,23
128,relaxed,25/09/2019 21:14,0.633111,CL,23
129,calm,26/09/2019 06:51,0.4529,CL,23
130,annoyed,26/09/2019 12:14,0.672655,CL,23
347,calm,07/10/2019 09:11,0.553993,CL,23
350,relaxed,07/10/2019 09:37,0.3802,CL,23
352,excited,07/10/2019 11:11,0.504363,CL,1
355,calm,07/10/2019 11:52,0.0716981,CL,23
357,calm,07/10/2019 13:49,0.0438911,CL,1
359,happy,07/10/2019 13:00,0.926807,CL,23
362,relaxed,07/10/2019 16:51,0.46667,CL,2
364,relaxed,07/10/2019 20:14,0.775361,CL,2
1181,very happy,06/01/2020 22:04,0.5,BD,4
380,relaxed,10/10/2019 12:06,0.816228,CL,2
384,relaxed,10/10/2019 17:02,0.0545024,CL,2
388,relaxed,11/10/2019 09:31,0.455092,CL,1
390,relaxed,11/10/2019 09:41,0.3033,CL,1
392,relaxed,11/10/2019 09:52,0.416069,CL,1
395,calm,11/10/2019 12:37,0.580879,CL,1
397,calm,11/10/2019 12:48,0.447717,CL,1
399,calm,11/10/2019 12:58,0.581309,CL,1
401,calm,11/10/2019 13:09,0.580452,CL,1
403,calm,11/10/2019 13:19,0.580452,CL,1
405,calm,11/10/2019 13:30,0.580452,CL,1
408,calm,11/10/2019 14:49,0.218199,CL,23
411,calm,11/10/2019 17:35,0.218839,CL,23
414,calm,11/10/2019 18:07,0.208905,CL,23
417,calm,11/10/2019 19:14,0.219159,CL,23
420,calm,11/10/2019 20:01,0.218519,CL,23
425,calm,11/10/2019 23:08,0.218839,CL,23
430,relaxed,12/10/2019 07:50,0.515637,CL,1
432,relaxed,12/10/2019 08:01,0.374749,CL,1
434,relaxed,12/10/2019 08:11,0.403728,CL,1
436,relaxed,12/10/2019 08:22,0.51334,CL,1
438,relaxed,12/10/2019 08:32,0.509897,CL,1
440,relaxed,12/10/2019 08:43,0.514203,CL,1
442,relaxed,12/10/2019 08:53,0.513916,CL,1
446,excited,14/10/2019 08:41,0.584617,CL,1
448,excited,14/10/2019 08:52,0.579854,CL,1
454,calm,14/10/2019 15:42,0.132917,CL,23
457,calm,14/10/2019 18:07,0.521488,CL,23
466,happy,16/10/2019 09:40,0.597427,CL,1
468,happy,16/10/2019 09:50,0.513776,CL,1
470,happy,16/10/2019 10:01,0.441973,CL,1
472,happy,16/10/2019 10:11,0.598124,CL,1
474,happy,16/10/2019 10:22,0.59673,CL,1
476,happy,16/10/2019 10:27,0.598124,CL,1
478,happy,16/10/2019 10:38,0.503665,CL,1
482,relaxed,16/10/2019 16:51,0.359828,CL,1
483,relaxed,16/10/2019 16:56,0.359541,CL,1
484,relaxed,16/10/2019 17:02,0.359828,CL,1
485,relaxed,16/10/2019 17:07,0.360114,CL,1
486,relaxed,16/10/2019 17:12,0.190818,CL,1
487,relaxed,16/10/2019 17:17,0.216356,CL,1
488,relaxed,16/10/2019 17:23,0.358678,CL,1
489,relaxed,16/10/2019 17:28,0.347776,CL,1
490,relaxed,16/10/2019 17:33,0.359828,CL,1
491,relaxed,16/10/2019 17:38,0.359541,CL,1
492,relaxed,16/10/2019 17:44,0.359254,CL,1
493,relaxed,16/10/2019 17:49,0.359254,CL,1
494,relaxed,16/10/2019 17:54,0.358105,CL,1
495,relaxed,16/10/2019 17:59,0.359254,CL,1
496,relaxed,16/10/2019 18:05,0.357531,CL,1
497,relaxed,16/10/2019 18:10,0.359541,CL,1
498,relaxed,16/10/2019 18:14,0.500293,CL,23
499,relaxed,16/10/2019 18:15,0.356097,CL,1
500,relaxed,16/10/2019 18:20,0.359254,CL,1
501,relaxed,16/10/2019 18:25,0.359254,CL,1
502,relaxed,16/10/2019 18:31,0.357818,CL,1
503,relaxed,16/10/2019 18:36,0.358967,CL,1
504,relaxed,16/10/2019 18:41,0.358967,CL,1
505,relaxed,16/10/2019 18:46,0.359254,CL,1
506,relaxed,16/10/2019 18:52,0.183071,CL,1
507,relaxed,16/10/2019 18:57,0.358678,CL,1
508,relaxed,16/10/2019 19:02,0.357818,CL,1
509,relaxed,16/10/2019 19:07,0.185941,CL,1
510,relaxed,16/10/2019 19:13,0.358105,CL,1
511,relaxed,16/10/2019 19:18,0.357531,CL,1
512,relaxed,16/10/2019 19:23,0.358678,CL,1
513,relaxed,16/10/2019 19:28,0.358105,CL,1
514,relaxed,16/10/2019 19:34,0.352654,CL,1
515,relaxed,16/10/2019 19:39,0.347776,CL,1
516,relaxed,16/10/2019 19:45,0.350357,CL,1
517,calm,16/10/2019 21:58,0.275115,CL,23
518,relaxed,17/10/2019 12:04,0.160296,CL,23
519,calm,17/10/2019 14:29,0.259349,CL,23
525,relaxed,18/10/2019 07:43,0.208702,CL,23
526,calm,18/10/2019 08:35,0.27635,CL,23
527,annoyed,18/10/2019 14:07,0.974564,CL,2
528,somewhat sad,18/10/2119 16:04,1,BD,1
529,somewhat happy,18/10/2119 16:05,1,BD,1
530,somewhat relaxed,18/10/2119 16:11,1,BD,1
531,somewhat calm,18/10/2119 16:17,0.5,BD,1
532,somewhat bored,18/10/2119 16:24,1,BD,1
324,calm,06/10/2019 22:27,0.600087,CL,23
326,calm,06/10/2019 23:14,0.60094,CL,23
327,calm,06/10/2019 23:55,0.600087,CL,23
328,calm,07/10/2019 00:52,0.598381,CL,23
329,calm,07/10/2019 01:18,0.599234,CL,23
330,calm,07/10/2019 01:34,0.599661,CL,23
331,calm,07/10/2019 02:15,0.598381,CL,23
332,calm,07/10/2019 02:26,0.598381,CL,23
333,calm,07/10/2019 03:12,0.598808,CL,23
334,calm,07/10/2019 03:23,0.597954,CL,23
335,calm,07/10/2019 03:49,0.598808,CL,23
337,calm,07/10/2019 04:04,0.597525,CL,23
339,calm,07/10/2019 05:07,0.597525,CL,23
340,calm,07/10/2019 05:53,0.596671,CL,23
342,relaxed,07/10/2019 06:14,0.497559,CL,23
344,relaxed,07/10/2019 06:46,0.799136,CL,23
345,relaxed,07/10/2019 07:43,0.798849,CL,23
346,calm,07/10/2019 08:45,0.553566,CL,23
348,bored,07/10/2019 10:22,0.748802,CL,1
349,annoyed,07/10/2019 10:24,0.55987,CL,1
351,relaxed,07/10/2019 09:53,0.43099,CL,23
353,calm,07/10/2019 11:10,0.0716981,CL,23
354,calm,07/10/2019 11:31,0.0721247,CL,23
356,calm,07/10/2019 12:34,0.0704184,CL,23
358,happy,07/10/2019 12:54,0.843501,CL,23
360,calm,07/10/2019 16:04,0.402436,CL,1
361,happy,07/10/2019 16:51,0.579578,CL,2
363,calm,07/10/2019 20:39,0.0503006,CL,1
365,excited,08/10/2019 06:26,0.613487,CL,2
366,relaxed,08/10/2019 07:55,0.477395,CL,2
369,calm,08/10/2019 14:32,0.555917,CL,23
370,happy,08/10/2019 17:39,0.671825,CL,23
371,relaxed,08/10/2019 18:57,0.953691,CL,23
372,calm,09/10/2019 07:56,0.363666,CL,23
373,happy,09/10/2019 09:37,0.763663,CL,2
374,happy,09/10/2019 14:15,0.873184,CL,23
375,calm,09/10/2019 17:17,0.136491,CL,23
376,excited,10/10/2019 07:49,0.504647,CL,1
377,excited,10/10/2019 07:57,0.370779,CL,1
378,nervous,10/10/2019 08:54,0.436497,CL,2
379,relaxed,10/10/2019 12:05,0.810614,CL,1
381,relaxed,10/10/2019 12:09,0.401601,CL,23
382,calm,10/10/2019 14:14,0.17302,CL,23
383,calm,10/10/2019 17:01,0.20529,CL,1
385,relaxed,10/10/2019 19:20,0.412288,CL,23
386,calm,11/10/2019 05:59,0.207624,CL,23
387,excited,11/10/2019 09:29,0.44884,CL,2
389,relaxed,11/10/2019 09:36,0.455092,CL,1
391,relaxed,11/10/2019 09:47,0.455092,CL,1
393,calm,11/10/2019 12:13,0.218519,CL,23
394,calm,11/10/2019 12:32,0.567649,CL,1
396,calm,11/10/2019 12:42,0.580026,CL,1
398,calm,11/10/2019 12:53,0.581309,CL,1
400,calm,11/10/2019 13:03,0.582162,CL,1
402,calm,11/10/2019 13:14,0.580452,CL,1
404,calm,11/10/2019 13:24,0.581735,CL,1
406,calm,11/10/2019 14:02,0.218839,CL,23
407,calm,11/10/2019 14:28,0.218199,CL,23
409,calm,11/10/2019 16:12,0.218519,CL,23
410,calm,11/10/2019 17:25,0.218519,CL,23
412,calm,11/10/2019 17:56,0.218199,CL,23
413,calm,11/10/2019 18:01,0.218199,CL,23
415,calm,11/10/2019 18:17,0.218199,CL,23
416,calm,11/10/2019 18:48,0.218519,CL,23
418,calm,11/10/2019 19:20,0.218199,CL,23
419,calm,11/10/2019 19:56,0.218199,CL,23
421,calm,11/10/2019 21:19,0.218199,CL,23
299,relaxed,03/10/2019 15:32,0.579052,CL,23
300,happy,03/10/2019 20:07,0.57233,CL,23
422,calm,11/10/2019 21:56,0.218199,CL,23
423,calm,11/10/2019 22:32,0.218839,CL,23
424,calm,11/10/2019 22:58,0.218199,CL,23
426,calm,11/10/2019 23:14,0.218199,CL,23
427,calm,11/10/2019 23:24,0.217556,CL,23
428,calm,12/10/2019 00:47,0.217879,CL,23
429,relaxed,12/10/2019 07:43,0.421163,CL,2
431,relaxed,12/10/2019 07:56,0.513054,CL,1
433,relaxed,12/10/2019 08:06,0.51334,CL,1
435,relaxed,12/10/2019 08:17,0.513916,CL,1
437,relaxed,12/10/2019 08:27,0.51334,CL,1
439,relaxed,12/10/2019 08:38,0.514203,CL,1
441,relaxed,12/10/2019 08:48,0.504446,CL,1
443,relaxed,12/10/2019 09:21,0.514204,CL,2
444,relaxed,12/10/2019 09:36,0.51248,CL,1
445,excited,14/10/2019 08:36,0.587124,CL,1
447,excited,14/10/2019 08:46,0.583363,CL,1
449,excited,14/10/2019 08:57,0.583113,CL,1
452,excited,14/10/2019 14:17,0.522313,CL,2
455,annoyed,14/10/2019 16:31,0.51367,CL,2
456,nervous,14/10/2019 17:52,0.102579,CL,23
458,bored,14/10/2019 18:10,0.764566,CL,2
459,relaxed,14/10/2019 22:01,0.436236,CL,23
460,calm,15/10/2019 07:22,0.300462,CL,23
461,calm,15/10/2019 07:39,0.532615,CL,2
462,relaxed,15/10/2019 10:50,0.0171112,CL,23
463,happy,15/10/2019 18:22,0.537454,CL,2
464,excited,16/10/2019 06:55,0.794138,CL,2
465,happy,16/10/2019 09:35,0.533642,CL,1
467,happy,16/10/2019 09:45,0.597079,CL,1
469,happy,16/10/2019 09:56,0.59673,CL,1
471,happy,16/10/2019 10:06,0.599865,CL,1
473,happy,16/10/2019 10:17,0.573029,CL,1
475,calm,16/10/2019 10:27,0.40062,CL,23
477,happy,16/10/2019 10:32,0.59673,CL,1
479,happy,16/10/2019 10:43,0.594637,CL,1
480,nervous,16/10/2019 11:58,0.512353,CL,2
481,relaxed,16/10/2019 15:36,0.50261,CL,2
542,relaxed,18/10/2019 16:58,0.555364,CL,23
551,somewhat happy,18/10/2019 19:56,1,BD,2
552,very happy,18/10/2019 21:10,0.5,BD,2
553,calm,18/10/2019 20:36,0.310665,CL,23
554,somewhat happy,18/10/2019 23:18,1,BD,2
555,somewhat calm,19/10/2019 08:04,0.5,BD,2
556,relaxed,19/10/2019 15:08,0.398555,CL,23
557,calm,19/10/2019 18:25,0.294281,CL,23
558,happy,19/10/2019 19:00,0.964523,CL,2
559,happy,20/10/2019 05:23,0.939172,CL,2
560,relaxed,20/10/2019 08:30,0.00203883,CL,2
561,annoyed,20/10/2019 08:31,0.700603,CL,23
562,happy,20/10/2019 08:35,0.966082,CL,2
563,calm,20/10/2019 09:13,0.323956,CL,23
564,very nervous,20/10/2019 10:41,0.333333,BD,2
565,somewhat nervous,20/10/2019 13:14,0.5,BD,2
566,very nervous,20/10/2019 13:24,0.333333,BD,2
567,happy,20/10/2019 15:22,0.739484,CL,23
568,very bored,20/10/2019 16:29,0.5,BD,2
569,somewhat bored,20/10/2019 16:30,0.5,BD,2
570,very happy,20/10/2019 16:32,1,BD,2
571,somewhat happy,20/10/2019 16:33,0.5,BD,2
572,very relaxed,20/10/2019 16:33,1,BD,2
573,very bored,20/10/2019 16:34,1,BD,2
574,somewhat sad,20/10/2019 16:35,0.5,BD,2
575,somewhat bored,20/10/2019 16:35,1,BD,2
576,relaxed,20/10/2019 16:08,0.884633,CL,23
577,relaxed,20/10/2019 19:55,0.0524724,CL,2
578,calm,21/10/2019 07:27,0.370944,CL,23
579,relaxed,21/10/2019 11:16,0.239426,CL,23
580,somewhat nervous,21/10/2019 12:30,0.125,BD,2
581,calm,21/10/2019 13:57,0.334159,CL,23
582,relaxed,21/10/2019 22:00,0.335946,CL,23
583,calm,22/10/2019 06:39,0.369397,CL,23
584,very nervous,22/10/2019 09:39,1,BD,2
585,very annoyed,22/10/2019 09:44,1,BD,2
586,relaxed,22/10/2019 13:29,0.317687,CL,23
587,nervous,22/10/2019 15:44,0.0700691,CL,23
588,calm,22/10/2019 17:59,0.295208,CL,23
589,relaxed,22/10/2019 20:25,0.462322,CL,23
590,very sad,22/10/2019 23:54,0.5,BD,2
591,calm,23/10/2019 06:22,0.411129,CL,23
592,relaxed,23/10/2019 14:01,0.452756,CL,23
594,calm,24/10/2019 06:17,0.361978,CL,23
606,relaxed,24/10/2019 14:34,0.412758,CL,23
609,calm,25/10/2019 06:04,0.268934,CL,23
612,relaxed,25/10/2019 11:31,0.513915,CL,23
613,very relaxed,25/10/2119 15:22,1,BD,23
614,very happy,25/10/2119 18:09,1,BD,23
617,very excited,25/10/2119 23:04,1,BD,23
618,very relaxed,26/10/2119 00:27,1,BD,23
619,very calm,26/10/2119 08:57,0.5,BD,23
621,very happy,26/10/2119 11:54,1,BD,23
622,somewhat happy,26/10/2119 13:22,0.5,BD,23
623,very happy,26/10/2119 13:37,1,BD,23
624,somewhat happy,26/10/2119 13:47,0.5,BD,23
625,very happy,26/10/2119 13:57,1,BD,23
626,somewhat happy,26/10/2119 14:02,0.5,BD,23
627,very happy,26/10/2119 14:07,1,BD,23
628,very relaxed,26/10/2119 16:04,1,BD,23
630,very happy,26/10/2119 20:05,1,BD,23
631,very calm,27/10/2119 08:55,0.5,BD,23
633,very relaxed,27/10/2119 12:21,0.5,BD,23
634,very happy,27/10/2119 21:55,1,BD,23
635,very relaxed,27/10/2119 23:43,1,BD,23
637,somewhat happy,28/10/2119 11:09,0.5,BD,23
638,very relaxed,28/10/2119 14:01,1,BD,23
639,very calm,28/10/2119 16:43,0.5,BD,23
641,very relaxed,28/10/2119 20:48,1,BD,23
642,very calm,29/10/2119 00:05,0.5,BD,23
643,very relaxed,29/10/2119 08:20,1,BD,23
646,very happy,31/10/2119 13:38,1,BD,23
647,very calm,31/10/2119 15:50,0.5,BD,23
648,somewhat relaxed,01/11/2119 11:47,0.5,BD,23
649,very happy,01/11/2119 18:09,1,BD,23
650,very calm,02/11/2119 08:22,1,BD,23
651,very relaxed,02/11/2119 10:50,1,BD,23
652,very happy,02/11/2119 19:54,1,BD,23
653,very relaxed,03/11/2119 00:24,1,BD,23
654,somewhat relaxed,04/11/2119 10:09,0.5,BD,23
655,very calm,04/11/2119 15:57,1,BD,23
656,very sad,04/11/2119 20:46,1,BD,23
657,very calm,05/11/2119 06:01,1,BD,23
658,very relaxed,05/11/2119 12:58,1,BD,23
1182,calm,06/01/2020 23:31,0.380476,CL,28
1193,very sad,07/01/2020 12:58,0.5,BD,4
699,very happy,06/11/2119 14:32,1,BD,23
700,very relaxed,06/11/2119 19:21,1,BD,23
701,very happy,07/11/2119 13:05,1,BD,23
702,very relaxed,08/11/2119 02:24,1,BD,23
703,very calm,08/11/2119 09:16,1,BD,23
706,very relaxed,08/11/2119 14:55,1,BD,23
707,somewhat relaxed,08/11/2019 16:22,1,BD,24
708,somewhat bored,08/11/2019 16:27,0.5,BD,24
709,very relaxed,08/11/2019 18:29,1,BD,24
710,very calm,09/11/2119 11:49,0.5,BD,23
711,somewhat bored,09/11/2019 12:19,0.5,BD,24
712,very relaxed,09/11/2019 18:08,1,BD,24
713,somewhat relaxed,10/11/2019 12:07,1,BD,24
714,very relaxed,10/11/2119 14:08,0.5,BD,23
715,very happy,10/11/2119 16:50,1,BD,23
716,very relaxed,10/11/2119 16:55,0.5,BD,23
717,very relaxed,10/11/2019 18:15,0.5,BD,24
718,very calm,10/11/2119 22:04,0.5,BD,23
719,very bored,10/11/2019 22:06,1,BD,24
720,very sad,11/11/2019 08:37,1,BD,24
721,very happy,11/11/2019 10:44,1,BD,24
722,very relaxed,11/11/2119 13:23,1,BD,23
723,very relaxed,11/11/2019 15:08,1,BD,24
724,somewhat calm,11/11/2019 18:29,1,BD,24
725,very relaxed,12/11/2119 04:55,1,BD,23
726,very relaxed,12/11/2119 07:17,1,BD,23
727,very relaxed,12/11/2119 07:37,1,BD,23
728,very sad,12/11/2019 11:58,1,BD,24
729,somewhat calm,12/11/2019 18:05,1,BD,24
730,very happy,12/11/2119 21:41,1,BD,23
731,very sad,13/11/2019 03:19,0.5,BD,24
732,somewhat calm,13/11/2019 07:09,0.333333,BD,24
733,very calm,13/11/2119 08:53,0.5,BD,23
734,very relaxed,13/11/2119 12:43,1,BD,23
735,very calm,13/11/2119 23:56,1,BD,23
736,very relaxed,14/11/2119 09:25,1,BD,23
737,very bored,14/11/2019 09:51,1,BD,24
743,somewhat calm,14/11/2019 16:57,0.333333,BD,24
744,very bored,15/11/2019 06:19,0.5,BD,24
745,very calm,15/11/2019 07:08,1,BD,24
746,very bored,15/11/2019 07:13,0.5,BD,24
747,somewhat calm,15/11/2019 08:41,0.333333,BD,24
748,very bored,15/11/2019 09:15,0.5,BD,24
749,somewhat calm,15/11/2019 09:25,0.333333,BD,24
750,very bored,15/11/2019 09:35,0.5,BD,24
751,somewhat calm,15/11/2019 09:40,0.333333,BD,24
752,very bored,15/11/2019 09:45,0.5,BD,24
753,somewhat calm,15/11/2019 10:00,0.333333,BD,24
754,very bored,15/11/2019 12:46,0.5,BD,24
755,somewhat calm,15/11/2019 13:06,0.333333,BD,24
756,very bored,15/11/2019 13:16,0.5,BD,24
757,somewhat calm,15/11/2019 13:26,0.333333,BD,24
758,very bored,15/11/2019 13:55,0.5,BD,24
759,somewhat calm,15/11/2019 14:00,0.333333,BD,24
760,very bored,15/11/2019 14:30,0.5,BD,24
761,somewhat calm,15/11/2019 14:35,0.333333,BD,24
762,very bored,15/11/2019 16:28,0.5,BD,24
763,very happy,15/11/2119 17:37,1,BD,23
764,somewhat calm,15/11/2019 16:37,0.333333,BD,24
765,very bored,15/11/2019 17:02,0.5,BD,24
766,somewhat calm,15/11/2019 17:12,0.333333,BD,24
767,very bored,15/11/2019 18:01,0.5,BD,24
768,somewhat calm,15/11/2019 18:21,0.333333,BD,24
769,very bored,15/11/2019 18:26,0.5,BD,24
770,somewhat calm,15/11/2019 18:36,0.333333,BD,24
771,very relaxed,15/11/2019 22:30,1,BD,24
772,very relaxed,16/11/2119 00:59,1,BD,23
773,very calm,16/11/2119 08:59,1,BD,23
774,very relaxed,16/11/2119 15:27,1,BD,23
775,very happy,16/11/2119 16:36,1,BD,23
776,somewhat happy,17/11/2119 03:43,0.5,BD,23
777,very happy,17/11/2119 04:12,1,BD,23
778,somewhat happy,17/11/2119 04:17,0.5,BD,23
779,very happy,17/11/2119 04:46,1,BD,23
780,somewhat happy,17/11/2119 04:51,0.5,BD,23
781,very happy,17/11/2119 04:56,1,BD,23
782,somewhat happy,17/11/2119 05:11,0.5,BD,23
783,very happy,17/11/2119 05:16,1,BD,23
784,somewhat happy,17/11/2119 05:26,0.5,BD,23
785,very happy,17/11/2119 05:31,1,BD,23
786,somewhat happy,17/11/2119 05:45,0.5,BD,23
787,very happy,17/11/2119 05:55,1,BD,23
788,somewhat happy,17/11/2119 06:05,0.5,BD,23
789,very happy,17/11/2119 06:10,1,BD,23
790,somewhat happy,17/11/2119 06:19,0.5,BD,23
791,very happy,17/11/2119 06:39,1,BD,23
792,somewhat happy,17/11/2119 06:44,0.5,BD,23
793,very happy,17/11/2119 07:23,1,BD,23
794,somewhat happy,17/11/2119 07:43,0.5,BD,23
795,very happy,17/11/2119 07:53,1,BD,23
796,somewhat happy,17/11/2119 08:02,0.5,BD,23
797,very happy,17/11/2119 08:17,1,BD,23
798,very calm,17/11/2119 08:42,0.5,BD,23
799,somewhat relaxed,17/11/2019 09:32,0.5,BD,24
800,very relaxed,17/11/2119 10:50,1,BD,23
801,very relaxed,17/11/2019 13:02,1,BD,24
802,very happy,17/11/2019 17:42,1,BD,24
803,very relaxed,18/11/2019 07:30,1,BD,24
804,relaxed,18/11/2019 11:36,0.924537,CL,25
805,very happy,18/11/2019 14:50,1,BD,24
806,very calm,19/11/2019 06:58,0.5,BD,24
807,calm,19/11/2019 09:19,0.276191,CL,25
808,very happy,19/11/2019 13:26,1,BD,24
809,relaxed,20/11/2019 11:58,0.421296,CL,25
810,very relaxed,20/11/2019 21:54,1,BD,24
819,calm,22/11/2019 08:50,0.014762,CL,25
820,relaxed,22/11/2019 11:03,0.081481,CL,25
821,happy,22/11/2019 18:10,0.567241,CL,25
822,excited,23/11/2019 08:59,0.765,CL,25
823,very happy,23/11/2019 13:35,1,BD,24
824,happy,23/11/2019 18:33,0.982759,CL,25
825,very relaxed,23/11/2019 21:15,0.5,BD,24
826,very sad,24/11/2019 11:15,0.5,BD,24
827,relaxed,24/11/2019 18:07,0.965278,CL,25
828,happy,25/11/2019 13:06,0.746552,CL,25
829,relaxed,25/11/2019 16:52,0.943519,CL,25
832,very sad,26/11/2019 12:30,1,BD,2
833,very happy,26/11/2019 12:31,1,BD,2
834,somewhat excited,26/11/2019 12:35,0.5,BD,2
835,very happy,26/11/2019 19:50,1,BD,2
836,somewhat excited,26/11/2019 20:01,1,BD,2
837,very relaxed,26/11/2019 20:15,1,BD,2
838,very happy,26/11/2019 20:45,1,BD,2
839,somewhat happy,26/11/2019 22:08,0.5,BD,2
840,very nervous,26/11/2019 22:23,1,BD,2
841,very happy,26/11/2019 23:22,1,BD,2
842,very bored,27/11/2019 08:06,1,BD,2
843,very excited,27/11/2019 08:40,1,BD,2
844,very sad,27/11/2019 09:11,1,BD,24
845,relaxed,27/11/2019 09:47,0.612037,CL,25
846,very bored,27/11/2019 10:54,1,BD,24
847,somewhat nervous,27/11/2019 12:45,0.5,BD,2
848,very happy,27/11/2019 17:42,1,BD,24
849,very bored,27/11/2019 18:29,1,BD,2
850,calm,27/11/2019 19:31,0.108095,CL,25
851,very relaxed,27/11/2019 22:03,1,BD,24
852,very calm,28/11/2019 08:01,0.5,BD,2
853,relaxed,28/11/2019 10:10,0.849074,CL,25
854,somewhat excited,28/11/2019 10:14,0.5,BD,2
855,very bored,28/11/2019 14:57,1,BD,2
856,very calm,28/11/2019 15:02,0.5,BD,2
857,very happy,28/11/2019 18:04,1,BD,2
858,happy,28/11/2019 18:07,0.975862,CL,25
859,relaxed,29/11/2019 08:06,0.046759,CL,25
860,very relaxed,29/11/2019 08:35,1,BD,2
861,excited,29/11/2019 18:06,0.936071,CL,25
862,relaxed,30/11/2019 08:35,0.952315,CL,25
863,bored,30/11/2019 19:33,0.512632,CL,25
864,relaxed,01/12/2019 10:11,0.834259,CL,25
865,somewhat calm,01/12/2019 22:40,0.5,BD,24
866,very relaxed,02/12/2019 11:11,1,BD,24
868,calm,02/12/2019 15:15,0.419524,CL,24
872,nervous,02/12/2019 16:32,0.483784,CL,24
873,calm,02/12/2019 18:35,0.334286,CL,25
874,relaxed,03/12/2019 00:11,0.621026,CL,24
875,sad,03/12/2019 09:35,0.563372,CL,24
876,relaxed,03/12/2019 09:38,0.350463,CL,25
877,bored,03/12/2019 11:48,0.558892,CL,24
878,sad,03/12/2019 21:17,0.556977,CL,24
879,relaxed,04/12/2019 17:06,0.433333,CL,24
880,sad,05/12/2019 12:09,0.531395,CL,24
881,relaxed,05/12/2019 18:08,0.429231,CL,24
882,happy,05/12/2019 19:16,0.606897,CL,25
883,calm,05/12/2019 20:55,0.411905,CL,24
884,relaxed,06/12/2019 10:09,0.50787,CL,25
885,happy,06/12/2019 12:08,0.547701,CL,25
886,relaxed,06/12/2019 16:38,0.431282,CL,24
887,calm,06/12/2019 17:32,0.218095,CL,25
888,relaxed,06/12/2019 21:03,0.301852,CL,25
889,calm,07/12/2019 09:39,0.280952,CL,25
890,relaxed,07/12/2019 15:33,0.425926,CL,25
891,calm,08/12/2019 21:04,0.085714,CL,25
892,relaxed,09/12/2019 09:20,0.440278,CL,25
893,excited,09/12/2019 10:34,0.323954,CL,24
894,relaxed,09/12/2019 12:27,0.417949,CL,24
895,somewhat nervous,10/12/2019 15:43,0.333333,BD,25
897,somewhat happy,10/12/2019 17:36,0.5,BD,25
896,sad,10/12/2019 16:07,0.452326,CL,24
898,relaxed,10/12/2019 21:26,0.529744,CL,24
899,very happy,11/12/2019 10:04,1,BD,25
900,calm,11/12/2019 11:45,0.527619,CL,24
901,relaxed,11/12/2019 12:19,0.644103,CL,24
902,very relaxed,11/12/2019 19:22,1,BD,25
903,sad,12/12/2019 12:08,0.388372,CL,24
904,somewhat relaxed,12/12/2019 13:08,0.5,BD,25
905,relaxed,12/12/2019 15:44,0.411282,CL,24
906,bored,13/12/2019 12:06,0.549269,CL,24
907,calm,13/12/2019 22:40,0.736667,CL,24
908,somewhat happy,14/12/2019 11:17,0.5,BD,25
909,relaxed,14/12/2019 22:18,0.659487,CL,24
910,very happy,15/12/2019 11:49,1,BD,25
911,calm,15/12/2019 12:18,0.474762,CL,24
912,very calm,15/12/2019 18:50,0.5,BD,25
913,bored,15/12/2019 19:49,0.69746,CL,24
914,very relaxed,16/12/2019 09:25,1,BD,25
915,relaxed,16/12/2019 16:26,0.469231,CL,24
916,very happy,16/12/2019 22:52,1,BD,25
928,very happy,17/12/2019 10:13,1,BD,25
929,nervous,17/12/2019 11:35,0.542085,CL,24
930,somewhat happy,17/12/2019 19:55,1,BD,25
931,sad,18/12/2019 09:50,0.611628,CL,24
932,bored,18/12/2019 12:08,0.518091,CL,24
933,relaxed,18/12/2019 14:15,0.612821,CL,24
934,very happy,18/12/2019 21:36,1,BD,25
935,calm,19/12/2019 12:06,0.586667,CL,24
936,somewhat happy,20/12/2019 01:19,0.5,BD,25
937,very happy,20/12/2019 08:25,1,BD,25
938,annoyed,20/12/2019 09:28,0.477551,CL,24
939,somewhat happy,20/12/2019 11:31,0.5,BD,25
940,very happy,20/12/2019 23:10,1,BD,25
941,somewhat happy,21/12/2019 11:41,0.333333,BD,2
942,calm,21/12/2019 12:08,0.300952,CL,24
943,very happy,21/12/2019 15:30,0.5,BD,2
944,very nervous,21/12/2019 15:40,1,BD,2
945,somewhat relaxed,21/12/2019 18:07,0.5,BD,2
946,very annoyed,21/12/2019 22:27,1,BD,2
947,very sad,22/12/2019 00:30,0.5,BD,2
1183,very relaxed,07/01/2020 08:42,1,BD,4
1185,somewhat happy,07/01/2020 09:53,0.5,BD,25
1187,very calm,07/01/2020 12:08,0.5,BD,4
1188,annoyed,07/01/2020 12:13,0.407111,CL,28
1190,very nervous,07/01/2020 12:29,0.5,BD,2
1194,happy,07/01/2020 14:06,0.615517,CL,28
1196,somewhat happy,07/01/2020 14:42,0.5,BD,25
955,very happy,22/12/2019 08:16,1,BD,25
956,very bored,22/12/2019 13:44,0.5,BD,2
957,bored,22/12/2019 15:08,0.642417,CL,24
958,somewhat excited,22/12/2019 15:37,0.5,BD,25
959,somewhat bored,22/12/2019 15:52,0.5,BD,2
960,very bored,22/12/2019 17:20,1,BD,2
961,very happy,22/12/2019 18:48,1,BD,25
962,somewhat excited,23/12/2019 11:30,0.5,BD,25
963,very happy,23/12/2019 17:47,0.5,BD,25
964,very nervous,23/12/2019 19:49,0.5,BD,2
965,very annoyed,23/12/2019 21:22,0.5,BD,2
966,sad,23/12/2019 22:57,0.568023,CL,24
1197,somewhat relaxed,07/01/2020 16:40,0.333333,BD,25
1200,very happy,07/01/2020 17:38,0.5,BD,2
1203,somewhat relaxed,07/01/2020 19:16,0.333333,BD,25
1205,excited,07/01/2020 19:35,0.576429,CL,28
1215,relaxed,07/01/2020 21:58,0.480093,CL,28
1218,very excited,07/01/2020 22:13,1,BD,2
1226,somewhat happy,08/01/2020 00:35,0.5,BD,25
1230,somewhat relaxed,08/01/2020 07:51,0.333333,BD,25
1234,somewhat happy,08/01/2020 08:30,0.5,BD,25
1237,somewhat relaxed,08/01/2020 09:10,1,BD,4
1240,very happy,08/01/2020 13:43,0.5,BD,25
1244,very happy,09/01/2020 11:19,0.5,BD,2
1250,relaxed,10/01/2020 04:37,0,CL,28
1253,very excited,10/01/2020 06:17,1,BD,2
1255,very happy,10/01/2020 12:10,0.5,BD,2
1257,very happy,10/01/2020 15:02,0.5,BD,2
1260,very excited,10/01/2020 15:22,1,BD,2
1265,excited,11/01/2020 15:08,0.610714,CL,28
1268,very excited,11/01/2020 16:52,1,BD,2
1280,happy,13/01/2020 13:07,0.725287,CL,28
1285,relaxed,13/01/2020 13:31,0.582018,CL,26
992,very happy,24/12/2019 11:45,0.5,BD,25
993,relaxed,24/12/2019 12:28,0.473333,CL,24
994,somewhat nervous,24/12/2019 17:23,0.5,BD,2
995,somewhat sad,24/12/2019 17:48,0.5,BD,2
996,very annoyed,24/12/2019 18:27,0.5,BD,2
997,somewhat sad,24/12/2019 18:32,1,BD,2
998,very annoyed,24/12/2019 18:57,0.5,BD,2
999,very calm,24/12/2019 22:28,1,BD,2
1000,somewhat bored,24/12/2019 22:42,0.5,BD,2
1290,very nervous,13/01/2020 19:19,0.5,BD,2
1293,very excited,13/01/2020 19:40,1,BD,2
1296,very nervous,13/01/2020 20:05,0.5,BD,2
1302,very excited,14/01/2020 16:11,1,BD,2
1304,happy,14/01/2020 17:05,0.4255,CL,15
1308,very calm,15/01/2020 12:31,0.5,BD,21
1317,very excited,16/01/2020 08:04,1,BD,2
1013,excited,25/12/2019 10:18,0.461977,CL,24
1014,somewhat happy,25/12/2019 11:29,0.5,BD,25
1015,very bored,25/12/2019 12:36,0.5,BD,2
1016,somewhat calm,25/12/2019 12:56,0.5,BD,2
1017,very calm,25/12/2019 13:11,0.5,BD,2
1018,somewhat calm,25/12/2019 13:20,0.5,BD,2
1019,very calm,25/12/2019 13:40,1,BD,2
1020,very relaxed,25/12/2019 13:50,1,BD,2
1021,somewhat relaxed,25/12/2019 15:48,0.333333,BD,2
1022,somewhat happy,25/12/2019 15:58,0.333333,BD,2
1023,very happy,25/12/2019 17:41,0.5,BD,2
1024,happy,25/12/2019 18:05,0.587,CL,24
1025,very nervous,25/12/2019 21:22,0.5,BD,2
1026,somewhat nervous,25/12/2019 21:27,0.25,BD,2
1027,very nervous,26/12/2019 00:05,0.5,BD,2
1028,somewhat nervous,26/12/2019 11:04,0.5,BD,2
1029,very happy,26/12/2019 11:42,1,BD,25
1030,very happy,26/12/2019 16:04,1,BD,2
1031,calm,26/12/2019 18:03,0.00619,CL,24
1032,somewhat happy,26/12/2019 23:56,0.5,BD,25
1184,relaxed,07/01/2020 09:01,0.593982,CL,28
1186,happy,07/01/2020 09:55,0.492529,CL,28
1189,very calm,07/01/2020 12:24,1,BD,2
1191,relaxed,07/01/2020 12:33,0.433796,CL,28
1195,somewhat relaxed,07/01/2020 14:08,0.333333,BD,25
1198,somewhat happy,07/01/2020 16:44,0.5,BD,25
1201,very happy,07/01/2020 17:42,0.5,BD,4
1213,very happy,07/01/2020 21:43,0.5,BD,2
1227,somewhat relaxed,08/01/2020 00:40,0.333333,BD,25
1231,relaxed,08/01/2020 08:16,0.548611,CL,28
1235,very happy,08/01/2020 08:35,1,BD,25
1245,very excited,09/01/2020 11:24,1,BD,2
1062,nervous,27/12/2019 08:47,0.481081,CL,24
1063,relaxed,27/12/2019 09:36,0.442564,CL,24
1064,happy,27/12/2019 10:25,0.9805,CL,24
1065,relaxed,27/12/2019 10:54,0.136923,CL,24
1066,happy,27/12/2019 15:10,0.4375,CL,24
1067,very excited,29/12/2019 18:24,1,BD,25
1078,very happy,30/12/2019 10:28,1,BD,25
1251,very excited,10/01/2020 04:53,1,BD,2
1258,very excited,10/01/2020 15:07,1,BD,2
1266,calm,11/01/2020 15:13,0.469048,CL,15
1281,calm,13/01/2020 13:08,0.223333,CL,26
1294,very nervous,13/01/2020 19:54,0.5,BD,2
1305,very relaxed,14/01/2020 17:06,1,BD,2
1318,very happy,16/01/2020 08:19,0.5,BD,2
1322,very excited,16/01/2020 08:49,1,BD,2
1324,very excited,16/01/2020 09:00,1,BD,2
1326,very happy,16/01/2020 10:18,0.5,BD,2
1327,very excited,16/01/2020 11:37,1,BD,2
1328,very happy,16/01/2020 15:32,0.5,BD,2
1329,very excited,16/01/2020 16:21,1,BD,2
1330,very happy,16/01/2020 16:31,0.5,BD,2
1332,very happy,16/01/2020 17:01,0.5,BD,2
1334,very excited,16/01/2020 18:44,1,BD,2
1335,very happy,16/01/2020 19:48,0.5,BD,2
1337,very happy,16/01/2020 20:18,0.5,BD,2
1338,very excited,16/01/2020 20:28,1,BD,2
1340,somewhat relaxed,16/01/2020 21:13,0.5,BD,2
1341,happy,17/01/2020 17:25,0.476437,CL,28
1342,sad,17/01/2020 18:20,0.589143,CL,26
1343,relaxed,17/01/2020 23:38,0.443056,CL,28
1344,calm,18/01/2020 08:53,0.357619,CL,28
1345,relaxed,18/01/2020 09:57,0.994444,CL,28
1104,very happy,31/12/2019 10:13,1,BD,25
1105,very excited,31/12/2019 11:31,1,BD,25
1346,happy,18/01/2020 11:25,0.581035,CL,28
1107,very excited,31/12/2019 13:44,1,BD,25
1348,very calm,18/01/2020 13:15,1,BD,2
1109,somewhat happy,01/01/2020 06:56,0.5,BD,25
1110,very happy,01/01/2020 07:25,1,BD,25
1111,somewhat happy,01/01/2020 07:35,0.5,BD,25
1112,very happy,01/01/2020 08:04,1,BD,25
1113,very excited,01/01/2020 13:18,1,BD,25
1350,relaxed,18/01/2020 17:14,0.396296,CL,28
1351,annoyed,19/01/2020 12:03,0.4795,CL,26
1352,happy,19/01/2020 15:43,0.68046,CL,28
1353,relaxed,19/01/2020 16:34,0.855897,CL,15
1355,relaxed,19/01/2020 21:12,0.407407,CL,28
1356,calm,20/01/2020 08:54,0.235714,CL,28
1357,relaxed,20/01/2020 12:06,0.43287,CL,28
1359,happy,20/01/2020 13:42,0.6145,CL,15
1360,happy,20/01/2020 17:15,0.704598,CL,28
1361,calm,21/01/2020 08:38,0.274286,CL,28
1362,relaxed,21/01/2020 10:26,0.581019,CL,28
1363,relaxed,21/01/2020 15:17,0.599123,CL,26
1364,very sad,22/01/2020 11:03,0.333333,BD,21
1365,happy,22/01/2020 14:36,0.522396,CL,26
1367,happy,22/01/2020 18:05,0.628736,CL,28
1368,relaxed,22/01/2020 22:16,0.453704,CL,28
1369,calm,23/01/2020 09:43,0.365714,CL,28
1370,sad,23/01/2020 11:19,0.588,CL,26
1371,relaxed,23/01/2020 12:06,0.812037,CL,28
1372,happy,23/01/2020 17:30,0.998276,CL,28
1373,bored,23/01/2020 18:05,0.457447,CL,26
1374,relaxed,23/01/2020 18:10,0.484259,CL,28
1375,calm,24/01/2020 09:08,0.369524,CL,28
1376,relaxed,24/01/2020 11:55,0.50463,CL,28
1377,happy,24/01/2020 16:44,0.445402,CL,28
1378,calm,24/01/2020 17:50,0.532222,CL,26
1379,calm,25/01/2020 09:31,0.405238,CL,28
1380,sad,25/01/2020 12:06,0.578286,CL,26
1381,happy,25/01/2020 15:05,0.628161,CL,28
1382,relaxed,26/01/2020 09:29,0.52963,CL,28
1383,excited,26/01/2020 15:08,0.7325,CL,28
1145,very excited,02/01/2020 10:12,1,BD,25
1384,happy,26/01/2020 16:02,0.579885,CL,28
1385,calm,27/01/2020 01:07,0.368571,CL,28
1386,relaxed,27/01/2020 10:41,0.515278,CL,28
1387,happy,27/01/2020 12:34,0.587931,CL,28
1388,very annoyed,27/01/2020 13:27,1,BD,2
1389,relaxed,27/01/2020 13:33,0.419907,CL,18
1392,somewhat relaxed,27/01/2020 14:41,0.5,BD,28
1393,very happy,27/01/2020 14:52,1,BD,28
1396,very happy,27/01/2020 18:08,1,BD,28
1398,very excited,27/01/2020 19:52,1,BD,28
1399,very happy,27/01/2020 21:01,0.5,BD,28
1401,very happy,28/01/2020 10:45,1,BD,28
1402,relaxed,28/01/2020 12:07,0.575,CL,26
1403,very annoyed,28/01/2020 12:52,1,BD,28
1146,very happy,02/01/2020 12:09,1,BD,25
1147,very happy,02/01/2020 17:18,1,BD,25
1192,very sad,07/01/2020 12:49,0.5,BD,2
1199,relaxed,07/01/2020 17:08,0.435185,CL,28
1202,very excited,07/01/2020 18:12,1,BD,2
1151,very excited,03/01/2020 12:08,1,BD,25
1152,very happy,04/01/2020 22:03,1,BD,25
1155,very excited,05/01/2020 13:27,1,BD,25
1214,somewhat happy,07/01/2020 21:48,0.5,BD,25
1224,calm,08/01/2020 00:15,0.394286,CL,28
1225,very relaxed,08/01/2020 00:35,1,BD,2
1228,very relaxed,08/01/2020 00:44,0.5,BD,4
1163,relaxed,05/01/2020 17:34,0.554167,CL,28
1164,happy,05/01/2020 18:52,0.928161,CL,28
1165,relaxed,05/01/2020 21:15,0.006019,CL,28
1166,calm,06/01/2020 10:01,0.30381,CL,28
1167,very happy,06/01/2020 10:15,1,BD,25
1168,relaxed,06/01/2020 10:30,0.006481,CL,28
1169,happy,06/01/2020 13:03,0.675287,CL,28
1170,relaxed,06/01/2020 15:45,0.368056,CL,28
1171,happy,06/01/2020 18:02,0.579885,CL,28
1172,very nervous,06/01/2020 21:13,0.5,BD,2
1173,very nervous,06/01/2020 21:17,0.5,BD,24
1174,very excited,06/01/2020 21:18,1,BD,4
1175,very calm,06/01/2020 21:19,1,BD,4
1176,relaxed,06/01/2020 21:29,0.429744,CL,15
1177,very happy,06/01/2020 21:33,0.5,BD,2
1178,excited,06/01/2020 21:34,0.44981,CL,15
1179,very excited,06/01/2020 21:35,1,BD,4
1180,very excited,06/01/2020 21:48,1,BD,2
1229,somewhat happy,08/01/2020 07:26,0.5,BD,25
1232,somewhat happy,08/01/2020 08:20,0.5,BD,25
1233,somewhat relaxed,08/01/2020 08:25,0.333333,BD,25
1236,somewhat relaxed,08/01/2020 09:05,0.333333,BD,2
1238,somewhat bored,08/01/2020 11:47,0.333333,BD,2
1239,very excited,08/01/2020 13:39,1,BD,25
1241,calm,08/01/2020 23:24,0.498095,CL,28
1242,very happy,09/01/2020 09:16,0.5,BD,2
1243,very excited,09/01/2020 11:14,1,BD,2
1246,happy,09/01/2020 18:38,0.56954,CL,28
1247,very happy,09/01/2020 21:07,0.5,BD,2
1248,very excited,09/01/2020 21:47,1,BD,2
1249,very happy,10/01/2020 04:29,0.5,BD,2
1252,very happy,10/01/2020 06:02,0.5,BD,2
1254,relaxed,10/01/2020 11:43,0.410256,CL,15
1256,very excited,10/01/2020 14:57,1,BD,2
1259,very happy,10/01/2020 15:17,0.5,BD,2
1261,happy,10/01/2020 17:57,0.742529,CL,28
1262,calm,11/01/2020 09:34,0.330952,CL,28
1263,very happy,11/01/2020 13:50,0.5,BD,2
1264,very excited,11/01/2020 14:59,1,BD,2
1267,very happy,11/01/2020 16:47,0.5,BD,2
1269,very happy,11/01/2020 17:56,0.5,BD,2
1270,very excited,11/01/2020 18:41,1,BD,2
1271,calm,12/01/2020 10:17,0.399524,CL,28
1272,very happy,12/01/2020 13:09,0.5,BD,2
1273,very excited,12/01/2020 16:49,1,BD,2
1274,relaxed,12/01/2020 20:11,0.087037,CL,28
1275,very happy,13/01/2020 05:59,0.5,BD,2
1276,very excited,13/01/2020 06:58,1,BD,2
1277,very happy,13/01/2020 07:27,0.5,BD,2
1278,very excited,13/01/2020 09:50,1,BD,2
1279,excited,13/01/2020 13:07,0.430038,CL,15
1282,relaxed,13/01/2020 13:14,0.071053,CL,26
1283,calm,13/01/2020 13:22,0.122778,CL,26
1284,happy,13/01/2020 13:27,0.655208,CL,26
1286,calm,13/01/2020 13:36,0.198889,CL,26
1287,relaxed,13/01/2020 13:47,0.525,CL,26
1288,very nervous,13/01/2020 15:09,0.5,BD,2
1289,very excited,13/01/2020 18:40,1,BD,2
1291,very excited,13/01/2020 19:25,1,BD,2
1292,very nervous,13/01/2020 19:35,0.5,BD,2
1295,very excited,13/01/2020 20:00,1,BD,2
1297,sad,14/01/2020 12:17,0.497143,CL,26
1298,relaxed,14/01/2020 12:26,0.365741,CL,28
1299,happy,14/01/2020 14:09,0.685632,CL,28
1300,very excited,14/01/2020 15:17,1,BD,2
1301,very nervous,14/01/2020 15:46,0.5,BD,2
1303,very nervous,14/01/2020 16:51,0.5,BD,2
1306,relaxed,14/01/2020 18:00,0.3375,CL,28
1307,very happy,15/01/2020 12:26,0.5,BD,21
1309,bored,15/01/2020 13:06,0.473192,CL,26
1310,very nervous,15/01/2020 16:56,0.25,BD,21
1311,very happy,15/01/2020 17:07,0.5,BD,2
1312,very excited,15/01/2020 17:51,1,BD,2
1313,excited,15/01/2020 20:40,0.674643,CL,28
1314,very happy,16/01/2020 02:50,0.5,BD,2
1315,very excited,16/01/2020 05:13,1,BD,2
1316,very happy,16/01/2020 07:40,0.5,BD,2
1319,very excited,16/01/2020 08:25,1,BD,2
1320,very relaxed,16/01/2020 08:38,1,BD,25
1321,very happy,16/01/2020 08:44,0.5,BD,2
1323,very happy,16/01/2020 08:55,0.5,BD,2
1325,relaxed,16/01/2020 09:01,0.522222,CL,28
1331,very excited,16/01/2020 16:46,1,BD,2
1333,very excited,16/01/2020 17:06,1,BD,2
1336,very excited,16/01/2020 20:13,1,BD,2
1339,very happy,16/01/2020 20:48,0.5,BD,2
1347,bored,18/01/2020 11:42,0.508511,CL,26
1349,calm,18/01/2020 13:18,0.432857,CL,15
1354,calm,19/01/2020 16:39,0.601429,CL,15
1358,calm,20/01/2020 12:22,0.615,CL,26
1366,relaxed,22/01/2020 15:15,0.419298,CL,26
1404,somewhat sad,28/01/2020 14:06,1,BD,28
1405,somewhat bored,28/01/2020 14:45,0.5,BD,28
1408,somewhat happy,28/01/2020 21:47,1,BD,28
1409,somewhat bored,28/01/2020 22:17,0.5,BD,28
1410,somewhat excited,29/01/2020 08:16,0.5,BD,28
1411,very excited,29/01/2020 09:44,1,BD,28
1412,somewhat nervous,29/01/2020 12:06,1,BD,28
1413,somewhat excited,29/01/2020 14:48,0.5,BD,28
1414,somewhat relaxed,29/01/2020 16:07,0.5,BD,28
1415,somewhat calm,29/01/2020 18:09,0.5,BD,28
1416,very relaxed,29/01/2020 18:49,1,BD,28
1417,very excited,29/01/2020 19:38,1,BD,28
1418,somewhat calm,29/01/2020 22:54,0.333333,BD,28
1420,somewhat happy,30/01/2020 08:32,1,BD,28
1421,somewhat excited,30/01/2020 09:31,0.5,BD,28
1422,very happy,31/01/2020 16:04,1,BD,28
1423,very relaxed,31/01/2020 19:40,1,BD,28
1424,bored,01/02/2020 12:04,0.426383,CL,26
1425,very happy,01/02/2020 14:03,0.5,BD,28
1426,relaxed,02/02/2020 11:46,0.439912,CL,26
1427,very happy,02/02/2020 13:05,1,BD,28
1428,very happy,02/02/2020 16:12,1,BD,28
1430,very happy,02/02/2020 18:10,1,BD,28
1431,very happy,02/02/2020 20:22,1,BD,28
1432,very relaxed,02/02/2020 20:27,1,BD,28
1433,calm,03/02/2020 12:04,0.501111,CL,26
1434,very happy,03/02/2020 12:58,1,BD,28
1435,somewhat happy,03/02/2020 15:00,0.5,BD,28
1436,somewhat relaxed,03/02/2020 15:40,0.333333,BD,28
1437,somewhat happy,03/02/2020 17:23,0.5,BD,28
1438,somewhat bored,04/02/2020 08:49,0.333333,BD,28
1439,somewhat happy,04/02/2020 13:38,1,BD,28
1440,very happy,04/02/2020 14:03,1,BD,28
1450,bored,06/02/2020 14:35,0.314468,CL,21
1451,sad,06/02/2020 15:29,0.562286,CL,21
1452,annoyed,06/02/2020 15:35,0.289,CL,21
1453,very happy,06/02/2020 18:04,1,BD,28
1454,relaxed,06/02/2020 19:54,0.370614,CL,21
1455,somewhat relaxed,06/02/2020 22:04,0.5,BD,28
1456,very happy,07/02/2020 07:47,0.5,BD,28
1463,very excited,07/02/2020 10:30,1,BD,28
1464,happy,07/02/2020 12:01,0.026563,CL,21
1465,very happy,07/02/2020 12:08,1,BD,28
1466,very happy,07/02/2020 13:31,1,BD,28
1467,relaxed,07/02/2020 18:00,0.860526,CL,21
1468,very relaxed,07/02/2020 19:15,1,BD,28
1469,somewhat happy,08/02/2020 09:13,1,BD,28
1470,somewhat relaxed,08/02/2020 10:46,0.5,BD,28
1471,very happy,08/02/2020 11:35,1,BD,28
1473,very happy,08/02/2020 20:15,1,BD,28
1478,very happy,09/02/2020 11:38,0.5,BD,28
1479,very excited,09/02/2020 12:27,1,BD,28
1480,very happy,09/02/2020 12:47,0.5,BD,28
1487,very excited,09/02/2020 18:26,1,BD,28
1488,very happy,09/02/2020 19:54,0.5,BD,28
1495,very relaxed,10/02/2020 08:55,1,BD,28
1496,somewhat relaxed,10/02/2020 12:07,0.5,BD,28
1497,very happy,10/02/2020 15:37,1,BD,28
1498,somewhat relaxed,11/02/2020 20:42,0.5,BD,28
1499,somewhat excited,12/02/2020 07:39,0.5,BD,28
1500,somewhat happy,12/02/2020 13:27,1,BD,28
1501,somewhat annoyed,12/02/2020 15:51,1,BD,29
1502,somewhat happy,12/02/2020 15:57,0.5,BD,29
1503,very happy,12/02/2020 16:34,1,BD,28
1504,very happy,12/02/2020 18:31,1,BD,28
1505,somewhat relaxed,12/02/2020 19:31,0.333333,BD,28
1506,somewhat sad,13/02/2020 07:02,1,BD,29
1507,very relaxed,13/02/2020 08:40,1,BD,29
1508,somewhat happy,13/02/2020 09:09,0.5,BD,29
1509,somewhat sad,13/02/2020 09:25,1,BD,29
1510,somewhat excited,13/02/2020 10:29,0.5,BD,29
1511,very happy,13/02/2020 14:33,1,BD,28
1514,very happy,13/02/2020 18:44,1,BD,28
1515,very excited,14/02/2020 09:21,1,BD,28
1516,happy,14/02/2020 12:53,0.025521,CL,21
1517,very relaxed,14/02/2020 13:56,1,BD,28
1520,somewhat nervous,14/02/2020 15:44,1,BD,28
1521,somewhat bored,14/02/2020 16:14,0.333333,BD,28
1522,very annoyed,14/02/2020 18:01,1,BD,29
1523,somewhat happy,14/02/2020 18:36,0.5,BD,28
1524,very relaxed,14/02/2020 21:09,1,BD,28
1525,somewhat excited,15/02/2020 08:35,0.5,BD,28
1527,somewhat nervous,15/02/2020 12:22,0.5,BD,29
1528,somewhat calm,15/02/2020 17:06,0.333333,BD,28
1529,very relaxed,15/02/2020 18:05,1,BD,28
1530,very happy,15/02/2020 19:08,1,BD,29
1531,relaxed,15/02/2020 21:31,0.797807,CL,21
1532,somewhat excited,16/02/2020 09:32,0.5,BD,28
1533,calm,16/02/2020 12:00,0.036111,CL,21
1534,very happy,16/02/2020 15:00,1,BD,28
1537,very happy,16/02/2020 17:18,1,BD,28
1538,relaxed,16/02/2020 17:48,0.410088,CL,21
1539,very happy,16/02/2020 18:27,1,BD,28
1548,somewhat excited,17/02/2020 08:32,0.5,BD,28
1549,somewhat sad,17/02/2020 11:19,0.5,BD,28
1550,very happy,17/02/2020 11:24,1,BD,28
1551,somewhat sad,17/02/2020 11:29,0.333333,BD,28
1552,somewhat happy,17/02/2020 11:34,0.5,BD,28
1553,very happy,17/02/2020 11:39,1,BD,28
1554,very excited,17/02/2020 11:45,1,BD,28
1555,very relaxed,17/02/2020 11:50,1,BD,28
1556,annoyed,17/02/2020 18:43,0.587556,CL,31
1557,bored,18/02/2020 13:47,0.478403,CL,18
1558,calm,18/02/2020 14:02,0.436191,CL,18
1559,nervous,18/02/2020 15:15,0.515,CL,31
1560,happy,18/02/2020 16:24,0.614943,CL,31
1561,bored,18/02/2020 16:39,0.74917,CL,2
1562,happy,18/02/2020 16:45,0.550938,CL,2
1563,relaxed,18/02/2020 18:22,0.401852,CL,31
1564,calm,19/02/2020 06:24,0.428095,CL,31
1565,calm,19/02/2020 14:06,0.241852,CL,2
1566,relaxed,19/02/2020 16:37,0.523611,CL,31
1567,calm,19/02/2020 17:01,0.101667,CL,21
1568,calm,20/02/2020 06:47,0.507619,CL,31
1569,relaxed,20/02/2020 12:02,0.440789,CL,21
1570,excited,20/02/2020 13:17,0.797143,CL,31
1571,calm,20/02/2020 13:18,0.44619,CL,31
1572,happy,20/02/2020 16:35,0.383908,CL,31
1573,happy,20/02/2020 17:25,0.922396,CL,21
1574,relaxed,20/02/2020 18:05,0.503509,CL,21
1575,relaxed,21/02/2020 06:25,0.399537,CL,31
1576,excited,21/02/2020 11:52,0.014286,CL,31
1577,calm,21/02/2020 11:57,0.543333,CL,31
1578,calm,21/02/2020 13:22,0.198889,CL,21
1579,annoyed,21/02/2020 13:33,0.618793,CL,2
1580,happy,21/02/2020 16:07,0.274138,CL,31
1581,relaxed,21/02/2020 18:03,0.223684,CL,21
1582,relaxed,22/02/2020 02:01,0.046759,CL,31
1583,excited,22/02/2020 12:02,0.646643,CL,21
1584,happy,22/02/2020 17:59,0.657292,CL,21
1585,happy,23/02/2020 14:40,0.324713,CL,31
1586,relaxed,23/02/2020 15:02,0.984649,CL,21
1587,calm,23/02/2020 20:29,0.467143,CL,31
1588,calm,24/02/2020 12:56,0.212222,CL,21
1589,nervous,24/02/2020 14:06,0.465098,CL,2
1590,relaxed,24/02/2020 18:04,0.368519,CL,31
1591,relaxed,24/02/2020 21:21,0.791667,CL,21
1592,calm,24/02/2020 21:31,0.374762,CL,31
1593,relaxed,25/02/2020 06:21,0.558333,CL,31
1594,annoyed,25/02/2020 11:56,0.416748,CL,2
1595,excited,25/02/2020 14:23,0.790106,CL,21
1596,excited,25/02/2020 18:08,0.996429,CL,31
1597,relaxed,25/02/2020 18:15,0.250338,CL,2
1598,relaxed,25/02/2020 21:04,0.212963,CL,31
1599,calm,25/02/2020 22:03,0.559524,CL,31
1600,relaxed,26/02/2020 06:34,0.577315,CL,31
1601,very happy,26/02/2020 11:47,1,BD,26
1602,very bored,26/02/2020 11:52,1,BD,26
1603,very sad,26/02/2020 12:02,1,BD,26
1604,somewhat sad,26/02/2020 12:07,0.5,BD,26
1605,somewhat relaxed,26/02/2020 12:37,1,BD,26
1606,relaxed,26/02/2020 14:17,0.80307,CL,21
1607,happy,26/02/2020 17:31,0.137931,CL,31
1608,relaxed,26/02/2020 18:06,0.360648,CL,31
1609,happy,27/02/2020 10:54,0.447,CL,15
1610,nervous,27/02/2020 12:06,0.341176,CL,2
1611,bored,27/02/2020 16:33,0.263664,CL,32
1612,happy,27/02/2020 16:50,0.225862,CL,31
1613,very calm,27/02/2020 18:51,1,BD,26
1614,relaxed,28/02/2020 02:54,0.088889,CL,31
1615,relaxed,28/02/2020 08:49,0.330256,CL,32
1616,bored,28/02/2020 11:21,0.47652,CL,32
1617,very bored,28/02/2020 11:59,1,BD,26
1618,somewhat calm,28/02/2020 12:09,1,BD,26
1619,excited,28/02/2020 16:53,0.958571,CL,31
1620,relaxed,28/02/2020 19:55,0.485648,CL,31
1621,calm,28/02/2020 20:49,0.426667,CL,31
1622,relaxed,29/02/2020 08:24,0.392308,CL,32
1623,happy,29/02/2020 13:06,0.541379,CL,31
1624,relaxed,29/02/2020 14:39,0.150926,CL,31
1625,happy,29/02/2020 16:27,0.193103,CL,31
1626,relaxed,29/02/2020 17:06,0.125,CL,31
1627,bored,29/02/2020 18:06,0.376443,CL,32
1628,calm,01/03/2020 07:45,0.553333,CL,32
1629,calm,01/03/2020 08:20,0.431429,CL,31
1630,bored,01/03/2020 10:03,0.157044,CL,32
1631,relaxed,01/03/2020 12:05,0.296923,CL,32
1632,bored,01/03/2020 17:09,0.183988,CL,32
1633,relaxed,01/03/2020 18:09,0.52,CL,32
1634,very calm,01/03/2020 18:36,1,BD,26
1635,happy,01/03/2020 18:43,0.466092,CL,31
1636,relaxed,02/03/2020 06:50,0.369444,CL,31
1637,very bored,02/03/2020 12:57,1,BD,26
1638,bored,02/03/2020 13:05,0.160893,CL,32
1639,happy,02/03/2020 16:34,0.336782,CL,31
1640,somewhat relaxed,02/03/2020 18:05,0.5,BD,26
1641,relaxed,02/03/2020 18:07,0.162037,CL,31
1642,relaxed,02/03/2020 18:09,0.332821,CL,32
1643,calm,03/03/2020 08:32,0.348571,CL,32
1644,calm,03/03/2020 16:56,0.56,CL,31
1645,relaxed,03/03/2020 22:01,0.501852,CL,31
1646,relaxed,04/03/2020 13:08,0.184103,CL,32
1647,happy,04/03/2020 16:34,0.271839,CL,31
1648,relaxed,04/03/2020 18:08,0.438426,CL,31
1649,very bored,04/03/2020 18:11,1,BD,26
1650,happy,04/03/2020 18:42,0.356897,CL,31
1651,relaxed,04/03/2020 18:52,0.043519,CL,31
1652,bored,05/03/2020 12:05,0.322171,CL,32
1653,relaxed,05/03/2020 12:16,0.823185,CL,2
1654,very relaxed,05/03/2020 12:27,1,BD,26
1655,bored,05/03/2020 15:15,0.487435,CL,33
1656,very bored,05/03/2020 17:10,1,BD,26
1657,happy,05/03/2020 18:06,0.23908,CL,31
1658,calm,06/03/2020 07:26,0.406667,CL,31
1659,calm,06/03/2020 08:45,0.279524,CL,32
1660,bored,06/03/2020 12:07,0.354503,CL,32
1661,relaxed,06/03/2020 20:17,0.467593,CL,31
1662,calm,06/03/2020 22:26,0.346717,CL,33
1663,happy,06/03/2020 23:11,0.053725,CL,33
1664,calm,07/03/2020 08:38,0.466191,CL,31
1665,relaxed,07/03/2020 08:40,0.832206,CL,33
1666,calm,07/03/2020 09:41,0.385238,CL,32
1667,relaxed,07/03/2020 12:08,0.235897,CL,32
1668,bored,07/03/2020 13:02,0.156659,CL,32
1669,very nervous,07/03/2020 15:08,1,BD,6
1670,happy,07/03/2020 15:26,0.132759,CL,31
1671,somewhat nervous,07/03/2020 16:21,0.5,BD,6
1672,calm,07/03/2020 21:05,0.368095,CL,31
1673,happy,08/03/2020 07:24,0.528637,CL,33
1674,relaxed,08/03/2020 08:19,0.330769,CL,32
1675,very bored,08/03/2020 12:07,1,BD,26
1676,calm,08/03/2020 13:33,0.301429,CL,32
1677,happy,08/03/2020 17:07,0.444253,CL,31
1678,bored,08/03/2020 17:43,0.103926,CL,32
1679,very calm,08/03/2020 18:05,0.5,BD,6
1680,relaxed,08/03/2020 18:08,0.504103,CL,32
1681,relaxed,08/03/2020 19:01,0.308074,CL,33
1682,calm,08/03/2020 22:32,0.246103,CL,33
1683,relaxed,09/03/2020 07:37,0.435185,CL,31
1684,happy,09/03/2020 08:01,0.833249,CL,33
1685,somewhat bored,09/03/2020 14:05,0.2,BD,6
1686,calm,09/03/2020 14:14,0.564286,CL,32
1687,relaxed,09/03/2020 16:22,0.931439,CL,33
1688,relaxed,09/03/2020 17:30,0.329744,CL,32
1689,bored,09/03/2020 17:35,0.269438,CL,32
1690,happy,09/03/2020 18:05,0.21954,CL,31
1691,somewhat sad,09/03/2020 18:06,0.333333,BD,6
1692,calm,09/03/2020 18:59,0.516769,CL,33
1693,somewhat nervous,09/03/2020 20:38,0.142857,BD,6
1694,relaxed,09/03/2020 22:49,0.622463,CL,33
1695,relaxed,10/03/2020 07:19,0.452308,CL,32
1696,happy,10/03/2020 07:54,0.577293,CL,33
1697,relaxed,10/03/2020 08:09,0.386111,CL,31
1698,somewhat sad,10/03/2020 10:36,0.2,BD,6
1699,very excited,10/03/2020 10:41,1,BD,6
1700,excited,10/03/2020 10:41,0.875331,CL,33
1701,relaxed,10/03/2020 13:57,0.696437,CL,33
1702,happy,10/03/2020 16:01,0.451724,CL,31
1703,calm,10/03/2020 17:03,0.41619,CL,32
1704,relaxed,10/03/2020 18:06,0.227692,CL,32
1705,relaxed,10/03/2020 19:22,0.434722,CL,31
1706,calm,10/03/2020 20:24,0.16381,CL,32
1707,happy,11/03/2020 07:34,0.523563,CL,31
1708,relaxed,11/03/2020 07:45,0.240513,CL,32
1709,happy,11/03/2020 09:40,0.595033,CL,33
1710,relaxed,11/03/2020 16:02,0.15742,CL,33
1711,happy,11/03/2020 16:52,0.893056,CL,33
1712,relaxed,11/03/2020 18:05,0.56608,CL,33
1713,bored,11/03/2020 18:08,0.342571,CL,32
1714,relaxed,11/03/2020 21:04,0.458333,CL,31
1715,calm,12/03/2020 08:21,0.408095,CL,32
1716,nervous,12/03/2020 09:33,0.572157,CL,33
1717,bored,12/03/2020 10:14,0.245574,CL,32
1718,happy,12/03/2020 15:01,0.424734,CL,33
1719,calm,12/03/2020 18:29,0.383333,CL,32
1720,relaxed,12/03/2020 23:12,0.617501,CL,33
1721,relaxed,13/03/2020 07:54,0.320513,CL,32
1722,happy,13/03/2020 14:54,0.641156,CL,33
1723,bored,13/03/2020 17:42,0.083526,CL,32
1724,relaxed,13/03/2020 17:46,0.327019,CL,33
1725,calm,13/03/2020 18:07,0.197143,CL,32
1726,calm,13/03/2020 19:22,0.411429,CL,31
1727,happy,13/03/2020 20:36,0.792529,CL,31
1728,happy,14/03/2020 09:08,0.522048,CL,33
1729,relaxed,14/03/2020 10:03,0.260513,CL,32
1730,relaxed,14/03/2020 11:06,0.364005,CL,33
1731,calm,14/03/2020 12:06,0.624762,CL,32
1732,relaxed,14/03/2020 14:33,0.157436,CL,32
1733,calm,14/03/2020 18:09,0.518571,CL,32
1734,relaxed,15/03/2020 07:13,0.326667,CL,32
1735,calm,15/03/2020 08:02,0.604629,CL,33
1736,relaxed,15/03/2020 14:10,0.305819,CL,33
1737,calm,15/03/2020 17:26,0.457619,CL,32
1738,relaxed,15/03/2020 18:05,0.277949,CL,32
1739,calm,15/03/2020 22:26,0.404346,CL,33
1740,calm,16/03/2020 08:23,0.394762,CL,32
1741,relaxed,16/03/2020 08:54,0.283266,CL,33
1742,happy,16/03/2020 12:09,0.3675,CL,32
1743,relaxed,16/03/2020 12:14,0.496923,CL,32
1745,calm,16/03/2020 17:08,0.549048,CL,32
1746,relaxed,16/03/2020 18:07,0.124615,CL,32
1747,happy,16/03/2020 22:57,0.81703,CL,33
1748,relaxed,17/03/2020 01:10,0.434822,CL,33
1749,calm,17/03/2020 07:12,0.470952,CL,32
1750,nervous,17/03/2020 12:17,0.518431,CL,33
1751,relaxed,17/03/2020 14:33,0.188718,CL,32
1752,happy,17/03/2020 15:19,0.523061,CL,33
1754,calm,17/03/2020 18:23,0.865714,CL,32
1765,very excited,18/03/2020 11:29,1,BD,31
1764,very happy,18/03/2020 11:19,0.5,BD,31
1763,very excited,18/03/2020 09:32,1,BD,31
1762,very happy,18/03/2020 08:23,0.5,BD,31
1761,very relaxed,18/03/2020 06:30,0.5,BD,31
1760,very happy,17/03/2020 23:09,0.5,BD,31
1759,very excited,17/03/2020 22:59,1,BD,31
1758,very happy,17/03/2020 22:15,0.5,BD,31
1757,very excited,17/03/2020 22:10,1,BD,31
1756,very happy,17/03/2020 20:56,0.5,BD,31
1755,very calm,17/03/2020 20:12,0.333333,BD,31
1753,very happy,17/03/2020 15:42,0.5,BD,31
1744,very relaxed,16/03/2020 17:00,0.5,BD,31
1766,very bored,18/03/2020 11:58,1,BD,26
1767,relaxed,18/03/2020 13:06,0.112308,CL,32
1768,relaxed,18/03/2020 14:08,0.726207,CL,33
1769,very happy,18/03/2020 14:11,0.5,BD,31
1770,very excited,18/03/2020 14:21,1,BD,31
1771,very happy,18/03/2020 15:10,0.5,BD,31
1772,very excited,18/03/2020 15:15,1,BD,31
1773,very happy,18/03/2020 15:30,0.5,BD,31
1774,very excited,18/03/2020 15:35,1,BD,31
1775,very happy,18/03/2020 15:59,0.5,BD,31
1776,very excited,18/03/2020 16:04,1,BD,31
1777,very happy,18/03/2020 16:34,0.5,BD,31
1778,very excited,18/03/2020 16:44,1,BD,31
1779,very happy,18/03/2020 16:54,0.5,BD,31
1780,very excited,18/03/2020 16:59,1,BD,31
1781,very relaxed,18/03/2020 18:17,0.5,BD,31
1782,calm,18/03/2020 23:30,0.612222,CL,21
1783,relaxed,18/03/2020 23:35,0.414912,CL,21
1784,calm,19/03/2020 06:45,0.465714,CL,32
1785,happy,19/03/2020 07:57,0.59554,CL,33
1786,very happy,19/03/2020 08:10,0.5,BD,31
1787,bored,19/03/2020 08:48,0.389146,CL,32
1788,nervous,19/03/2020 13:46,0.274902,CL,33
1789,relaxed,19/03/2020 16:52,0.598106,CL,33
1790,calm,19/03/2020 18:05,0.173333,CL,21
1791,relaxed,19/03/2020 18:07,0.415385,CL,32
1792,very calm,19/03/2020 19:51,0.333333,BD,31
1793,happy,20/03/2020 10:08,0.719209,CL,33
1794,calm,20/03/2020 10:57,0.346667,CL,32
1795,relaxed,20/03/2020 11:05,0.546491,CL,21
1796,happy,20/03/2020 11:22,0.366,CL,32
1797,relaxed,20/03/2020 16:25,0.815968,CL,33
1798,very relaxed,20/03/2020 17:00,0.5,BD,31
1799,relaxed,20/03/2020 18:33,0.325641,CL,32
1800,very happy,20/03/2020 19:27,0.5,BD,31
1801,somewhat happy,20/03/2020 20:17,0.333333,BD,31
1802,calm,20/03/2020 21:44,0.308095,CL,32
1803,calm,20/03/2020 22:53,0.257912,CL,33
1804,relaxed,21/03/2020 07:38,0.436923,CL,32
1805,calm,21/03/2020 12:07,0.7,CL,32
1806,very calm,21/03/2020 15:53,0.5,BD,31
1807,nervous,21/03/2020 16:08,0.51098,CL,33
1808,relaxed,21/03/2020 18:05,0.304103,CL,32
1809,relaxed,21/03/2020 18:35,0.452864,CL,33
1810,calm,22/03/2020 07:35,0.579524,CL,32
1811,very relaxed,22/03/2020 07:53,0.333333,BD,31
1812,very happy,22/03/2020 08:33,0.5,BD,31
1813,relaxed,22/03/2020 11:25,0.609231,CL,32
1814,calm,22/03/2020 12:09,0.495238,CL,32
1815,happy,22/03/2020 16:06,0.350735,CL,33
1816,very relaxed,22/03/2020 18:06,0.5,BD,31
1817,relaxed,22/03/2020 18:07,0.282051,CL,32
1818,somewhat happy,22/03/2020 18:31,0.333333,BD,31
1819,relaxed,22/03/2020 19:27,0.746504,CL,33
1820,calm,22/03/2020 21:43,0.085556,CL,21
1821,calm,23/03/2020 10:18,0.34,CL,32
1822,very happy,23/03/2020 10:41,0.5,BD,31
1823,relaxed,23/03/2020 12:06,0.424103,CL,32
1824,nervous,23/03/2020 13:12,0.454902,CL,33
1825,relaxed,23/03/2020 15:00,0.211096,CL,33
1826,relaxed,23/03/2020 17:01,0.475439,CL,21
1827,very relaxed,23/03/2020 18:17,1,BD,31
1828,very calm,23/03/2020 19:06,0.333333,BD,31
1829,very relaxed,24/03/2020 06:22,0.333333,BD,31
1830,calm,24/03/2020 07:53,0.638095,CL,32
1831,calm,24/03/2020 08:29,0.413793,CL,33
1832,relaxed,24/03/2020 13:12,0.174872,CL,32
1833,relaxed,24/03/2020 15:02,0.361299,CL,33
1834,sad,24/03/2020 15:02,0.208,CL,21
1835,calm,24/03/2020 16:57,0.38381,CL,32
1836,bored,24/03/2020 18:06,0.199384,CL,32
1837,calm,25/03/2020 07:50,0.690952,CL,32
1838,calm,25/03/2020 08:03,0.389702,CL,33
1839,relaxed,25/03/2020 15:00,0.454825,CL,21
1840,very happy,25/03/2020 15:51,0.5,BD,31
1841,very excited,25/03/2020 17:20,1,BD,31
1842,very happy,25/03/2020 17:54,0.5,BD,31
1843,very excited,25/03/2020 17:59,1,BD,31
1844,very happy,25/03/2020 18:09,0.5,BD,31
1845,very excited,25/03/2020 18:14,1,BD,31
1846,very happy,25/03/2020 19:13,0.5,BD,31
1847,calm,25/03/2020 19:50,0.297222,CL,21
1848,very excited,25/03/2020 22:34,1,BD,31
1849,relaxed,25/03/2020 22:50,0.324763,CL,33
1850,very happy,26/03/2020 00:07,0.5,BD,31
1851,very excited,26/03/2020 00:31,1,BD,31
1852,very happy,26/03/2020 00:36,0.5,BD,31
1853,very excited,26/03/2020 00:46,1,BD,31
1854,very happy,26/03/2020 03:43,0.5,BD,31
1855,very excited,26/03/2020 06:15,1,BD,31
1856,very relaxed,26/03/2020 06:54,0.5,BD,31
1857,calm,26/03/2020 07:31,0.192726,CL,33
1858,annoyed,26/03/2020 12:02,0.044,CL,21
1859,relaxed,26/03/2020 17:29,0.728913,CL,33
1860,nervous,27/03/2020 07:43,0.514902,CL,33
1861,calm,27/03/2020 13:04,0.102778,CL,21
1862,very happy,27/03/2020 17:07,0.5,BD,31
1863,very excited,27/03/2020 17:17,1,BD,31
1864,very happy,27/03/2020 19:20,0.5,BD,31
1865,very excited,27/03/2020 19:30,1,BD,31
1866,relaxed,27/03/2020 20:19,0.377193,CL,21
1867,very happy,27/03/2020 20:53,0.5,BD,31
1868,very excited,27/03/2020 22:12,1,BD,31
1869,very excited,27/03/2020 23:45,1,BD,31
1870,very happy,28/03/2020 02:56,0.5,BD,31
1871,very excited,28/03/2020 03:01,1,BD,31
1872,very happy,28/03/2020 03:06,0.5,BD,31
1873,very excited,28/03/2020 03:11,1,BD,31
1874,very happy,28/03/2020 03:16,0.5,BD,31
1875,very excited,28/03/2020 03:26,1,BD,31
1876,very happy,28/03/2020 03:31,0.5,BD,31
1877,very excited,28/03/2020 04:50,1,BD,31
1878,very happy,28/03/2020 06:28,0.5,BD,31
1879,very excited,28/03/2020 06:33,1,BD,31
1880,very happy,28/03/2020 06:47,0.5,BD,31
1881,very excited,28/03/2020 06:52,1,BD,31
1882,very happy,28/03/2020 06:57,0.5,BD,31
1883,very excited,28/03/2020 07:02,1,BD,31
1884,very happy,28/03/2020 07:12,0.5,BD,31
1885,very excited,28/03/2020 07:22,1,BD,31
1886,very happy,28/03/2020 07:37,0.5,BD,31
1887,very excited,28/03/2020 07:42,1,BD,31
1888,very happy,28/03/2020 09:30,0.5,BD,31
1889,very excited,28/03/2020 11:03,1,BD,31
1890,very relaxed,28/03/2020 12:07,0.333333,BD,31
1891,calm,28/03/2020 20:33,0.036111,CL,21
1892,relaxed,29/03/2020 12:01,0.292982,CL,21
1893,very calm,29/03/2020 17:07,0.5,BD,31
1894,very relaxed,29/03/2020 17:12,1,BD,31
1895,very calm,29/03/2020 17:22,0.5,BD,31
1896,calm,29/03/2020 17:55,0.154444,CL,21
1897,very relaxed,29/03/2020 18:30,0.5,BD,31
1898,very happy,30/03/2020 07:46,0.5,BD,31
1899,very relaxed,30/03/2020 11:37,0.333333,BD,31
1900,very calm,30/03/2020 18:38,0.5,BD,31
1901,very happy,30/03/2020 18:48,0.5,BD,31
1902,relaxed,30/03/2020 20:47,0.397368,CL,21
1903,calm,31/03/2020 12:52,0.187778,CL,21
1904,somewhat calm,31/03/2020 15:19,0.5,BD,31
1905,somewhat bored,31/03/2020 17:12,0.25,BD,31
1906,somewhat calm,31/03/2020 17:41,0.333333,BD,31
1907,relaxed,31/03/2020 22:16,0.345175,CL,21
1908,very relaxed,31/03/2020 23:20,0.5,BD,31
1909,very calm,01/04/2020 11:21,0.5,BD,31
1910,very relaxed,01/04/2020 11:35,1,BD,31
1911,very calm,01/04/2020 11:55,0.5,BD,31
1912,very relaxed,01/04/2020 17:09,1,BD,31
1913,somewhat bored,01/04/2020 18:42,0.2,BD,31
1914,calm,02/04/2020 12:08,0.549444,CL,21
1915,relaxed,02/04/2020 17:07,0.513158,CL,21
1916,calm,02/04/2020 19:29,0.378889,CL,21
1917,somewhat calm,02/04/2020 21:40,0.25,BD,31
1918,very calm,03/04/2020 05:32,0.333333,BD,31
1919,relaxed,03/04/2020 12:02,0.432018,CL,21
1920,very happy,03/04/2020 17:08,0.5,BD,31
1921,very excited,03/04/2020 17:13,1,BD,31
1922,very happy,03/04/2020 17:22,0.5,BD,31
1923,calm,04/04/2020 10:59,0.088333,CL,21
1924,relaxed,04/04/2020 11:04,0.442105,CL,21
1925,very relaxed,04/04/2020 16:35,1,BD,31
1926,very happy,04/04/2020 17:05,0.5,BD,31
1927,calm,04/04/2020 19:26,0.176667,CL,21
1928,relaxed,04/04/2020 23:07,0.89693,CL,21
1929,calm,04/04/2020 23:12,0.179444,CL,21
1930,relaxed,05/04/2020 11:00,0.309649,CL,21
1931,very relaxed,05/04/2020 16:08,1,BD,31
1932,very calm,06/04/2020 01:52,0.5,BD,31
1933,calm,06/04/2020 10:12,0.023889,CL,21
1934,relaxed,06/04/2020 11:01,0.411404,CL,21
1935,very relaxed,06/04/2020 15:16,1,BD,31
1936,very calm,06/04/2020 17:08,0.5,BD,31
1937,very relaxed,06/04/2020 17:38,1,BD,31
1938,very calm,06/04/2020 17:48,0.5,BD,31
1939,very relaxed,06/04/2020 18:42,1,BD,31
1940,very calm,06/04/2020 19:41,0.5,BD,31
1941,happy,07/04/2020 00:13,0.981771,CL,21
1942,relaxed,07/04/2020 11:01,0.972368,CL,21
1943,very relaxed,07/04/2020 13:34,1,BD,31
1944,very calm,07/04/2020 13:49,0.5,BD,31
1945,very relaxed,07/04/2020 16:11,1,BD,31
1946,very calm,07/04/2020 16:16,0.5,BD,31
1947,very relaxed,07/04/2020 17:05,1,BD,31
1948,very calm,07/04/2020 17:10,0.5,BD,31
1949,very relaxed,08/04/2020 13:07,0.5,BD,31
1950,calm,08/04/2020 14:01,0.566667,CL,21
1951,relaxed,09/04/2020 11:04,0.608772,CL,21
1952,calm,10/04/2020 11:03,0.491111,CL,21
1953,relaxed,10/04/2020 11:09,0.200439,CL,21
1954,happy,10/04/2020 11:13,0.688542,CL,21
1955,excited,10/04/2020 11:23,0.760424,CL,21
1956,nervous,10/04/2020 11:38,0.75618,CL,21
1957,annoyed,10/04/2020 11:53,0.693,CL,21
1958,sad,10/04/2020 12:03,0.833714,CL,21
1959,bored,10/04/2020 12:13,0.933192,CL,21
1960,relaxed,10/04/2020 17:02,0.978947,CL,21
1961,calm,11/04/2020 12:02,0.876111,CL,21
1962,relaxed,11/04/2020 17:02,0.964912,CL,21
1963,calm,12/04/2020 11:03,0.972222,CL,21
1966,relaxed,13/04/2020 11:03,0.850439,CL,21
1972,happy,13/04/2020 17:02,0.859896,CL,21
1973,excited,13/04/2020 17:11,0.786219,CL,21
1974,nervous,13/04/2020 17:26,0.630337,CL,21
1975,annoyed,13/04/2020 17:36,0.8275,CL,21
1976,sad,13/04/2020 17:47,0.759429,CL,21
1977,bored,13/04/2020 17:57,0.755319,CL,21
1978,somewhat nervous,13/04/2020 20:18,0.2,BD,32
1979,very bored,13/04/2020 22:21,0.5,BD,32
1980,very relaxed,14/04/2020 05:58,1,BD,32
1981,somewhat bored,14/04/2020 12:54,0.333333,BD,32
1982,relaxed,14/04/2020 15:05,0.821053,CL,21
1983,somewhat sad,15/04/2020 01:05,0.25,BD,32
1984,somewhat happy,15/04/2020 06:53,0.333333,BD,32
1985,very happy,15/04/2020 11:08,1,BD,32
1986,sad,15/04/2020 15:05,0.115429,CL,21
1987,bored,15/04/2020 17:03,0.498298,CL,21
1988,very relaxed,15/04/2020 17:06,1,BD,32
1989,very bored,15/04/2020 21:21,0.5,BD,32
1990,somewhat nervous,16/04/2020 07:59,0.2,BD,32
1991,sad,16/04/2020 11:00,0.542286,CL,21
1992,somewhat happy,16/04/2020 11:30,1,BD,32
1993,very happy,16/04/2020 11:40,1,BD,32
1994,somewhat happy,16/04/2020 12:04,0.5,BD,32
1995,very bored,16/04/2020 14:36,0.5,BD,32
1996,somewhat happy,16/04/2020 16:34,0.333333,BD,32
1997,somewhat relaxed,16/04/2020 17:33,0.25,BD,32
1998,very relaxed,17/04/2020 06:08,1,BD,32
1999,very happy,17/04/2020 09:34,1,BD,32
2000,calm,17/04/2020 11:05,0.921111,CL,21
2001,somewhat sad,17/04/2020 11:12,0.25,BD,32
2002,very bored,17/04/2020 16:06,0.5,BD,32
2003,very relaxed,17/04/2020 17:05,1,BD,32
2004,relaxed,17/04/2020 17:09,0.988597,CL,21
2005,very bored,17/04/2020 19:47,0.5,BD,32
2006,very relaxed,18/04/2020 10:15,0.5,BD,32
2007,calm,18/04/2020 11:05,0.730556,CL,21
2008,very bored,18/04/2020 22:35,0.5,BD,32
2009,very relaxed,19/04/2020 10:12,0.5,BD,32
2010,relaxed,19/04/2020 11:03,0.683333,CL,21
2011,somewhat happy,19/04/2020 12:29,0.333333,BD,32
2012,calm,20/04/2020 11:02,0.560556,CL,21
2013,somewhat nervous,20/04/2020 11:27,0.5,BD,32
2014,somewhat calm,20/04/2020 17:06,0.333333,BD,32
2015,relaxed,21/04/2020 11:01,0.504825,CL,21
2016,somewhat happy,21/04/2020 11:05,0.5,BD,32
2017,very calm,21/04/2020 17:07,1,BD,32
2018,somewhat bored,21/04/2020 19:44,0.333333,BD,32
2019,very relaxed,22/04/2020 08:00,1,BD,32
2020,calm,22/04/2020 11:05,0.256111,CL,21
2021,very happy,22/04/2020 12:59,1,BD,32
2022,very relaxed,22/04/2020 14:28,1,BD,32
2023,relaxed,22/04/2020 17:03,0.456579,CL,21
2024,somewhat happy,23/04/2020 06:49,0.5,BD,32
2025,somewhat nervous,23/04/2020 14:39,0.333333,BD,32
2026,very calm,23/04/2020 17:11,1,BD,32
2027,somewhat calm,23/04/2020 17:31,0.5,BD,32
2028,relaxed,24/04/2020 11:02,0.407895,CL,21
2029,very happy,24/04/2020 12:08,0.5,BD,32
2030,somewhat happy,24/04/2020 14:06,0.25,BD,32
2031,somewhat nervous,24/04/2020 17:08,0.5,BD,32
2032,very calm,24/04/2020 19:59,1,BD,32
2033,very relaxed,25/04/2020 07:56,1,BD,32
2034,bored,25/04/2020 12:00,0,CL,21
2035,somewhat happy,26/04/2020 09:55,0.25,BD,32
2036,calm,26/04/2020 11:01,0.325556,CL,21
2037,very happy,26/04/2020 14:20,1,BD,32
2038,very relaxed,26/04/2020 16:08,1,BD,32
2039,very calm,26/04/2020 20:37,0.5,BD,32
2040,very relaxed,26/04/2020 20:42,1,BD,32
2041,very calm,26/04/2020 21:41,0.5,BD,32
2042,very relaxed,26/04/2020 22:11,1,BD,32
2043,very calm,26/04/2020 22:25,0.5,BD,32
2044,relaxed,26/04/2020 23:22,0.831579,CL,21
2045,calm,26/04/2020 23:27,0.327778,CL,21
2046,very relaxed,26/04/2020 23:45,1,BD,32
2047,very calm,27/04/2020 00:09,0.5,BD,32
2048,very relaxed,27/04/2020 00:14,1,BD,32
2049,very calm,27/04/2020 00:59,0.5,BD,32
2050,very relaxed,27/04/2020 11:50,1,BD,32
2051,very calm,27/04/2020 11:55,0.5,BD,32
2052,very relaxed,27/04/2020 12:35,1,BD,32
2053,relaxed,27/04/2020 16:03,0.47807,CL,21
2054,somewhat calm,27/04/2020 17:48,0.333333,BD,32
2055,very happy,28/04/2020 08:51,0.5,BD,32
2056,calm,28/04/2020 11:03,0.488333,CL,21
2057,very excited,28/04/2020 11:08,1,BD,32
2058,very calm,28/04/2020 14:00,0.5,BD,32
2059,bored,29/04/2020 11:03,0.2,CL,21
2060,somewhat nervous,29/04/2020 12:09,0.166667,BD,32
2061,very relaxed,29/04/2020 17:08,0.5,BD,32
2062,very calm,29/04/2020 20:19,0.5,BD,32
2063,somewhat happy,30/04/2020 08:01,0.5,BD,32
2064,very happy,30/04/2020 13:19,1,BD,32
2065,relaxed,30/04/2020 14:03,0.967105,CL,21
2066,very calm,30/04/2020 17:10,0.5,BD,32
2067,very bored,30/04/2020 22:09,0.5,BD,32
2068,somewhat nervous,01/05/2020 13:07,0.2,BD,32
2069,calm,01/05/2020 16:05,0.917778,CL,21
2070,somewhat happy,01/05/2020 17:07,0.333333,BD,32
2071,somewhat nervous,01/05/2020 23:54,0.0625,BD,32
2072,relaxed,02/05/2020 12:04,0.698684,CL,21
2073,calm,03/05/2020 16:03,0.449444,CL,21
2074,relaxed,04/05/2020 11:03,0.747807,CL,21
2075,happy,05/05/2020 12:05,0.6375,CL,21
2076,excited,05/05/2020 12:15,0.789753,CL,21
2077,nervous,05/05/2020 12:30,0.8603,CL,21
2078,annoyed,05/05/2020 12:45,0.898,CL,21
2079,sad,05/05/2020 13:00,0.649143,CL,21
2080,bored,05/05/2020 13:09,0.820851,CL,21
2081,relaxed,06/05/2020 14:11,0.88114,CL,21
2082,annoyed,06/05/2020 17:05,0.431,CL,21
